a438dddf042629270dc9bc3532e691b5779591664542d1c60f811d49827794e9	.gitattributes
47b7f26541c352108fc2216e088aa0f4f32667fb0b3700a406fb6fca1f630069	.gitignore
4d634e7be847582943965281189dcc59772a028c41698b4ff24854e9053dbdfb	.vscode/settings.json
294233d4977e2054161a9a40e2f49718ab80b28cd027d3d1827edea87a4f3302	ELASTIC_2D_ZERO_TEMP/cubic_2D_displace.mod
06b64492b94774c5f9fabd83a5e7f6ac00b4024bf3e244acfee0722323c95649	ELASTIC_2D_ZERO_TEMP/cubic_2D_init.mod
82711925cc0db58515d1e5ffa9bd723f633226a708825ce047b5412e830d20e7	ELASTIC_2D_ZERO_TEMP/cubic_2D_main.elastic
a47d7f9abd51d371539b164aa264fcfe458e2a6592db0d70d64d55dc914d1411	ELASTIC_2D_ZERO_TEMP/cubic_2D_potential.mod
cda09d98a6a68ab92e4c979c844d613476d274f41dbdb982eb0624f7b4cbc76d	ELASTIC_2D_ZERO_TEMP/cubic_3D_displace.mod
e8692a6a060c09e6d23b41bfa77c61d8441bb195ffcc31fac97f3f3382ee4f64	ELASTIC_2D_ZERO_TEMP/cubic_3D_init.mod
f81bc7eb6a5fc830698865e0f8bebed25b80af43cf38328d10cd5948ffc92b54	ELASTIC_2D_ZERO_TEMP/cubic_3D_main.elastic
5ff89ad1b616c4f1788e11d52fca1356bca9ef9281e1c8e5ec1bcbce3952ca55	ELASTIC_2D_ZERO_TEMP/cubic_3D_potential.mod
5af43cf698b43042e759b2fc81ca13562fbac1925996a3008564a597359801f5	ELASTIC_2D_ZERO_TEMP/PG_2D_displace_deform.mod
8a976d785d79860b1e9e125a63d9b815d6a66550ad055fb77f01a000a2e5a247	ELASTIC_2D_ZERO_TEMP/PG_2D_displace_deform_ext.mod
f3bb71f0a24c1d3bf79ddd870d7b63dad612be01006516e71f1ef05433d93493	ELASTIC_2D_ZERO_TEMP/PG_2D_displace_remap.mod
292ac8333c7acb3bf62778b7393c43a8d46574863b53f1be2936213927646c6a	ELASTIC_2D_ZERO_TEMP/PG_2D_displace_remap_ext.mod
bc601677087280894fa860c6970ebb77754a00b027dbaad49a3e1233ed031880	ELASTIC_2D_ZERO_TEMP/PG_2D_init.mod
6ad80a2c6b69abf892fba86c46e7b87e9efa4348d9f0abf544532a3724fe1554	ELASTIC_2D_ZERO_TEMP/PG_2D_main.elastic
ff7efff54fe4b06828e3bc7c7dd79325e5e9e04e2bcdfcc6830818a10f911e6c	ELASTIC_2D_ZERO_TEMP/PG_2D_potential.mod
4d896981b45b96bc24aa693f2e804512001aa01bfa534f66fd59dfed0586e6b3	ELASTIC_2D_ZERO_TEMP/restart.equil
c147f2530290895fb6de93873e5caa492c74681cbf4e160437aeffa342020370	ELASTIC_2D_ZERO_TEMP/Si.sw
a1413b4ccd3f036657ba2a6c252a6f7228f2cb9566a578c8a489a20ae4893520	hoffman2-submission-scripts/demo_isotropic_strain_visuals.sh
b02d71bb84a044577457193528be4108a404751d462d9e71d56d6ab8bf08784c	hoffman2-submission-scripts/distributions/FS-090.sh
ee5a343b38047e79299dd2ef1416d8d7e767f872c89a294c27fd9310e2ab40ce	hoffman2-submission-scripts/distributions/FS-091.sh
93d1a5290c9c9e243ce7947bfc0a144388d5b4625a6f2dd193635363d8b1a589	hoffman2-submission-scripts/distributions/FS-092.sh
27903a3f77e298ed358f48bb294b7e6105c5eefbda3154c054164e19e80b8a29	hoffman2-submission-scripts/distributions/FS-093.sh
41d586ab0516a36b938a47d5da9cb8a130e49efbbb37d8acdb18ccedeee18416	hoffman2-submission-scripts/distributions/FS-094.sh
fd727a832f8455af744b89999a2e2d2ac63fd443a48c7dca893fe0a7442f3282	hoffman2-submission-scripts/distributions/FS-095.sh
7a85a29431cf99313ef0806bb368b95d0f5aadfc41e432085b810b7a473bfe00	hoffman2-submission-scripts/distributions/FS-096.sh
ffd299fad61b04914dd32e8e882eb7059ef66fff1cbf7adea76322fc3e3758d7	hoffman2-submission-scripts/distributions/FS-Koch2000.sh
c25f958034dad1b77116978a6f2a71b9345f5050637d7d78b2904a88bfd08189	hoffman2-submission-scripts/FS-090-sweep-density.sh
b11c468e076db08aa78125d378135e636de39d1843b4987f91fbfa1cb3123270	hoffman2-submission-scripts/FS-090-sweep-isotropy.sh
6c9b96459b6a413b33f5361330b3efec986f94eed8e44150aba0a13316f87225	hoffman2-submission-scripts/FS-0925/FS-0925-restarts.sh
f2757b1c906661037d50a349b423b3c77c3a366586dbe48a41e89786d1a408ce	hoffman2-submission-scripts/FS-0925/FS-0925-sweep-isotropy.sh
eebf644676ad93565b2374b3ee9ef05bf241eced466528e7c334eb70a9837aff	hoffman2-submission-scripts/FS-093-sweep-density.sh
4388098db4e55e2f6c6ecf8f9b11185f0cbc14844ecf4781e92ab2bc42046ca8	hoffman2-submission-scripts/FS-093-sweep-isotropy.sh
28e5ff69adf6c357f35c9634c4905d3459832ab8538acb06de5c814ddba0e2ec	hoffman2-submission-scripts/FS-094-sweep-density.sh
e0b2270483648563cba99605376c439ae0f3c1465dac1b099d824105a804ffcd	hoffman2-submission-scripts/FS-MULTI-energy-fraction.sh
3724457add1393f99aa1f945c0c43f859de932afeb52dc04708a7d400a432964	hoffman2-submission-scripts/sizes/FS-0925-dsu200.sh
7b5c5f40dcfa9410d84a8cb08077f2f4768a04b925c246d898316f8563293eba	hoffman2-submission-scripts/sizes/FS-0925-dsu350.sh
ff5fa30da57ab5e159304b0534c7524451fd5b3fbcf481b0ea8da812c48c1b66	hoffman2-submission-scripts/sizes/FS-0925-dsu400.sh
9c06c30e6c906b8091789122e23f722e38473d3abe153e0cd0a01b622c117f43	hoffman2-submission-scripts/sizes/FS-0925-dsu450.sh
81e527a0edde6ab055f88861b4f5776ec7a30fb7b00d17692ea9e44393c048e2	hoffman2-submission-scripts/sizes/FS-0925-dsu500.sh
da038f034fde392718ab80031e36e6108f910e12df9d12e7f9cd02ad5f45fda8	hoffman2-submission-scripts/sizes/FS-0925-dsu550.sh
cac4bbe701c231a5ba4a6838b3ac794d9e141ee884fe7c47c170244b23f7937d	hoffman2-submission-scripts/sweep-isotropy/pg-network-dsu100-sweep-isotropy.sh
9fd75484379ff150ca377e1c4952561bb704f94352361c1c84e7f6e15831af70	hoffman2-submission-scripts/sweep-isotropy/pg-network-dsu200-sweep-isotropy.sh
1b205ad3306e403710a2a902ca350209b3d70ee8011033b661d9a6c3cf340d9a	hoffman2-submission-scripts/sweep-isotropy/pg-network-dsu300-sweep-isotropy.sh
4e567e84831f254ac47ea94cc226a1574b358e4bcfe5ed33d8b864cb03b584fc	hoffman2-submission-scripts/sweep-isotropy/pg-network-dsu400-sweep-isotropy.sh
cc2357f02f11cc89d5fa744945996a240d8097a8737fd8b6c2b167c4879f0a7a	requirements.txt
368b890778f92561448ca3b56b5235cf88f98f21a3bc9ed950e9d0cb605d3b0a	src/assemble_pg_network.py
f11e0dc62fdbd000f4a4d9e15ec7c865ee89604a9b854ae0994e1207c63c9fe7	src/fig_R1_tension_by_isotropy.py
77032b9aad87d868172f1b1e99deff5aca84617a481868fda1e5d47c347b0c2b	src/fig_R2_energy_by_length_distribution.py
2f5daaca47916f093f6e466af0cc213f2b4668711b62a7b76db3e244539ab1ca	src/fig_R2_turgor.py
450bf0b64eaa95340c0089c1bcdace34eb220dc31aec678525009ac0aeabeba0	src/fig_R3_reorientation.py
a685ec4deaffdc43dec2e0f8810222132bbc5e49d00d7a596dd18b561abc3dde	src/file_management_combine_files.py
5b9fc9f436da4fa852c3100d40fc35e2f96b3545a6d10b9e4fd25740630c366d	src/import_data_from_dumps.py
67ef0872973127d4b1a69c5bf6af17c7b5c3694d47a02b285e96da02d35305ec	src/IsotropicPrestrain
5c8c3c65ef1cbab1483fdfed2eaa36a69ccadecea2910e89373ab37bbc35b5fd	src/lammps_PG_objects.py
008e519b0c5efd14227aaaba8bab108bd185b005d9df20a9ab0d5c55437b26f8	src/PG_2D_displace.mod
59d6a297e9900ba83e3c46117fa73147a4113816cf01cc8d679e05107d743d65	src/process_bond_strain.py
40e5534b9799cd76466b0b30ecf09e03301f90aea92f389a3ad6c2bc04306c88	src/process_elastic_tensor.py
99878c3c995b679b72ace90dd1e7247eb35f695e4fd2a9de818918fd1e9e6157	src/process_network_ensembles.py
eb12a7abf4dd36f19bcaac3280ce7c3978ec2731f0a602aa0e2f1811a669aa24	src/process_orientation.py
cf2ed514076d32be0a9ff6fdd01eee939b3809478d0a471935a128e3549e8e80	src/process_pores.py
a0ea0a910aa4b1670c1cc7446080e557ecad28c3122b9ad27c193fa8969f7e03	src/results_elastic_constants.py
2aba35c299a7d421c11398b32e27b29004b8af1717a2061bf35f8e15c26fb2c2	src/results_gylcan_orientation.py
3c9149c92770a55a3e7db546235918eb04e2438136da305932ac59430c11b6db	src/results_moduli_by_distribution.py
ca0102e71328b07bdb5de94e9b63eada51d928d33d50e76be4100affdf5e3387	src/results_moduli_by_isotropy.py
de5ff2420721dc8a85a271d6ea3f1caa5f02612a1b1289a1393bddc82cd535ed	src/results_moduli_combined.py
4d1c374d9165436883e40006335a413dc2cb12b27c3a832e678e49a474c8de48	src/results_moduli_subplots_density.py
b4b7cecde712b3d6be1030a97268492ab8ce0a8c4f1f52f060840a4dcf321ed0	src/results_oriented_tension.py
9330d2760ce196e57cc7329a7512411f14099418550f077d86ee94fb7ded2244	src/results_PE_by_isotropy.py
d3d609d606cb4dba904bb809f8a35f99a8b208cf361901efc4c22156b7aba102	src/results_pores_increasing_strain.py
b85062abf1fe2adc3a771ee20829d24e57a10f6873e4000a048560b25e46466d	src/results_pores_one_atm.py
ded82cd0dd669f8c77c4ccececa440c14e8b92b0f138ed33e5f33445a819bc95	src/results_tension_by_length_distribution.py
416184ea49104e400a80d59884c9e815dcd608a354f2534f2d304bfec7ecdaa0	src/results_tension_by_size.py
b3ceeed54a98df6a222ed12df267daf5982c3a87e31f615d62de192d2eb3e9cf	src/run_lammps_elastic_tensor.py
d0df7cdd821eb9ead9d058449eb4df2c10ebe9a27d3ccb549636379dbd22a654	src/run_lammps_isotropic_strain.py
e9477907730fc6962ba21393dbbb3ab509848c96e8e5122fa67caf5212440d2f	src/sandbox_do_moduli_match_prestrain_steps.py
b987a3ce6f63d6d8a9b535c8f4a6f55a611cf64f0693f6f0d38d348ad0ce5447	src/sandbox_examine_crosslinking.py
83e4273fe4d9780b0ded669d49832d0af5552e8cd74c40fb383cc8835cfe0eac	src/sandbox_examine_reference_state.py
283371de4a18951a2511f806693fc7f6cc86f64d1254c09c5515499007c042e3	src/sandbox_expected_tension.py
fedbc1f7a2daf70a0fb776b983c6d23ff6a2ee5a2d897836d79d3555f0543228	src/sandbox_force_chains.py
75f950efcf9e2d42f379afe20a4c72009f304c6d38d338a85051dc54d2be9bbf	src/sandbox_Obermann1994.py
75328c8969e8186585b51d2c43931bca505ed80fa86a756f87133e04ae3d492f	src/sandbox_prestrain.py
179bea264ea189d430dbbcd5a275e39e7662a2b1e85077ab590642338873424d	src/sandbox_turgor.py
234b49151a28b88ac2e9d448620970d4be5f2e15168a38409ffb64ef3fb01000	src/sandbox_visualize_density_and_isotropy.py
9977a2272ef7f24af1d6e41ab9717957ebacf5cc435435f4b23e1450b96ba2f6	src/sandbox_visualize_network_steps.py
d61bfcea59b4bcc2dac40dacd20d86471f252eaf4c236aab83dd1fb8f751089a	src/simulation_constants_settings.py
4506c8e1c03650c2bcff3e2df8304e21e3a68c6820b0445e5d06410b7cbb3d12	src/submit_jobs_elastic_tensor.py
52da347c3cf240a9e8a28690f249e81f4288adef7faadf28373df86947fbbbf5	src/supp_compare_analysis_methods.py
e5f3f18716b6112fb95e07f1042cc88c6ce26f334c42242263bea7dec1bfcece	src/supp_rho0_vs_crosslinkage.py
29a1ac6f4cb03a690f17122a98475793cc8848c54ffd580b6fc81127e545b2da	src/supp_rho0_vs_strain.py
127bcbb97bf23c9455d1c2d678d260d020a7a0b46debf02e9016cd521fb53aa6	src/task_compute_elastic_tensor.py
8a3ccdbe62879f24e7c4ccf87f7a843316d36423a15238c0890b448e75a01392	src/task_create_and_process_network.py
d92ecdeda0615b8c372ef69769adbf00b040c2bfc33f9704c3b0e157b1128b6d	src/units.py
852cd7fad7c0054da6dbc59a4f2e7d76cd5ab6e56444f4ac508520cf7e2d7069	src/utils_helpers.py
b2aa85678813ff030287988f608da566e1b650f4e0e7b83ef946fa70bbc98630	src/visualize_PCB.py
bcc2da97ae28121cf3fa37e2ecfbbeebd1e3a386c12124863620c5aead4c1d68	status.md
f4a7a9639bdb1488cab8f4f29325fa7425623c4c06b7eeed1d512f84dd523143	test/test_glycan_orientation.py
0cdde5853216e599c2bb0ebc0acf6578ef6d67afe3ca56cf7ff62ad50e7c4ccc	test/test_nonlinear_inverse.py
5fd93f1aabf6301edd5a0853d64a3565081d02b2b72874f10d80ac4c90ab004c	todo.md
